trade_date,stock_code,Inventory_Turnover,TotalAsset_Turnover,CurrentAsset_Turnover,Capital_Fixed_Ratio,total_mv,log_mv,Inventory_Turnover_neutral,TotalAsset_Turnover_neutral,CurrentAsset_Turnover_neutral,Capital_Fixed_Ratio_neutral
2023-06-30,568.0,0.1648,0.2585,0.3742,48.4712,30848447.6749,17.244596988569914,-1.3353907029852867,0.8990952352504329,0.9985382962511978,43.625378720540354
2023-06-30,596.0,0.3905,-0.710147228,-0.704061971,1.4142091982971563,13076506.8,16.386327804105143,-1.4908096883953645,-0.0436053546372267,-0.05141601149402408,-2.1843106551786686
2023-06-30,729.0,1.1094,-0.711647231,-0.702556593,1.4142038231574074,3514718.5582,15.07247001123033,-1.3553352127614042,-0.00538565978501937,-0.006576625191536012,-0.2749189224463928
2023-06-30,858.0,0.6589,-0.709757415,-0.704452831,1.4142102462014248,63491462.1378,17.966416000300267,-0.5207631407940232,-0.09098374461403835,-0.10392176199732761,-4.480612790434165
2023-06-30,876.0,3.9317,-0.713123571,-0.701072877,1.4141964480168885,5300758.9514,15.4833605666478,1.6494229185915774,-0.019283776936256825,-0.01864501112862227,-0.8720634020899705
2023-06-30,895.0,3.6266,-0.718907502,-0.695240045,1.4141475466986235,8484955.3106,15.953805189765644,1.5532263497058025,-0.03928988509102349,-0.02832850921746921,-1.5557978648643869
2023-06-30,998.0,0.5912,-0.708417817,-0.705794934,1.4142127516142582,2021549.4074,14.51937480872397,-2.1191400722040283,0.014564570155790268,0.00842736736043359,0.5288896148956506
2023-06-30,2299.0,2.5756,-0.714682054,-0.69950436,1.4141864136425952,2381569.9757,14.68327048182728,-0.06196132891827366,0.0033455453163061533,0.009312290537705992,0.29067773971188027
2023-06-30,2304.0,0.3044,-0.710871906,-0.703334961,1.4142068677600856,19794287.38,16.800903937874352,-1.3928149564193044,-0.05686322980616754,-0.06436266215973374,-2.786806250287118
2023-06-30,2311.0,3.8758,-0.717384491,-0.696779033,1.4141635236805985,7793004.8595,15.86873707639794,1.764651402586308,-0.03519514998347817,-0.027061758003572134,-1.4321544979797214
2023-06-30,2385.0,3.2399,-0.712435826,-0.701764316,1.4142001412898575,2731018.523,14.820185182930095,0.663136370587353,0.0014526567476628172,0.0025365773328566155,0.09171671093679046
2023-06-30,2507.0,1.1569,-0.709079242,-0.705132485,1.4142117266172791,2112825.7403,14.56353682291811,-1.5338296954737578,0.012568067744940459,0.00763325302449136,0.4647090244712837
2023-06-30,2557.0,2.3196,-0.710080344,-0.704129045,1.414209388320071,2106594.6105,14.560583272993382,-0.3724412349896178,0.011656255553348815,0.008734107796207313,0.46899900739393297
2023-06-30,2568.0,0.9274,-0.709908927,-0.704300929,1.4142098559935647,3817331.4364,15.155062159605608,-1.500659731034475,-0.006144228122513806,-0.011045037467388719,-0.394942020689659
2023-06-30,2714.0,1.2712,-0.710643337,-0.703564319,1.414207656546401,23055120.4787,16.95339844931738,-0.3582989594643211,-0.06124477611049117,-0.06962163482639927,-3.0084219718223415
2023-06-30,300146.0,1.9575,-0.713956001,-0.700235375,1.414191376064202,4077721.6957,15.221048982495912,-0.4412579321984018,-0.012186173014663626,-0.00915587846728183,-0.4908575219463607
2023-06-30,300498.0,2.1727,-0.7118331,-0.702369908,1.414203008528601,12026850.2305,16.30265222744229,0.25423372779784703,-0.042761600797442734,-0.046964138297298286,-2.0627131942735963
2023-06-30,300765.0,3.0597,-0.710916779,-0.703289928,1.414206707090005,1509086.6365,14.227015149289453,0.21953606973912665,0.02090403602818902,0.020575057658501317,0.9537626487694257
2023-06-30,300957.0,0.8771,-0.710734021,-0.703473329,1.4142073495256542,3764956.8,15.141246945046717,-1.557094450364041,-0.006551669503624402,-0.009761780374481055,-0.37486721676185275
2023-06-30,300999.0,2.3707,-0.710730034,-0.703477329,1.4142073631867198,21680944.5525,16.891944301506406,0.7139120001193375,-0.05947363111567683,-0.06750774772543067,-2.9191124686931174
2023-06-30,301498.0,2.0929,-0.722261892,-0.691842615,1.414104506692751,,,,,,
2023-06-30,600132.0,2.2482,-0.711809163,-0.702393952,1.414203115278787,4460278.5608,15.310721779624329,-0.11073825082212219,-0.012750264939362377,-0.01427206758964672,-0.6211650459125737
2023-06-30,600298.0,1.6091,-0.712915499,-0.701282114,1.4141976128248572,3146043.8549,14.961656302395127,-0.9048426281565376,-0.0033038795098662144,-0.0016472588782088238,-0.11388230431609969
2023-06-30,600299.0,2.2369,-0.714881657,-0.699303304,1.414184961,2137475.3146,14.575135931001219,-0.44867904998360997,0.0064149960217283475,0.013079869146693568,0.4478255613119335
2023-06-30,600519.0,0.1432,-0.710088757,-0.704120608,1.414209365,212423047.98,19.174090353591932,-0.5001889361931424,-0.12782471549224927,-0.14342137676245892,-6.235697007086065
2023-06-30,600598.0,11.2288,-0.711965888,-0.702236518,1.414202406465889,2369647.3187,14.678251691362801,8.589010050545848,0.006213436139124506,0.0067456636239741075,0.29798741686681307
2023-06-30,600600.0,4.0165,-0.710790238,-0.703416917,1.4142071552790243,14137544.4028,16.46434454018319,2.169834057223458,-0.046606916073493654,-0.053344126300628125,-2.2976924954936546
2023-06-30,600737.0,1.4176,-0.711231259,-0.702974269,1.414205527510492,1721772.8235,14.35886502930863,-1.3640152914318027,0.016603555850230434,0.01654200873408329,0.7621472922621058
2023-06-30,600809.0,0.4576,-0.711165282,-0.703040501,1.414205782754499,22577877.8566,16.932481128947558,-1.181187406563602,-0.06113436222852309,-0.06840791618457387,-2.9780252201045676
2023-06-30,600872.0,1.1075,-0.709793929,-0.704416225,1.414210154,2889398.1201,14.876558775457701,-1.444230636527739,0.002390303809668759,-0.0019746605381067983,0.009800372776763489
2023-06-30,600873.0,3.0231,-0.71585263,-0.698324725,1.414177355,2628479.5091,14.781916103548328,0.4293427828289249,-0.0008072212300771486,0.0072383693203998956,0.14730943333344415
2023-06-30,600887.0,3.047,-0.711276543,-0.702928807,1.4142053499300336,18029787.2638,16.707535796097133,1.3083244248053068,-0.05444522161539789,-0.0608770151941298,-2.6511181517495386
2023-06-30,601118.0,4.0753,-0.711807245,-0.702395878,1.4142031238091295,1917183.6531,14.466367819786447,1.3414218930987225,0.012777615114486052,0.013574714013474876,0.6059137360420397
2023-06-30,603156.0,2.1695,-0.709283448,-0.704927878,1.414211326618363,3125769.192,14.955190952304804,-0.3473136011698372,0.0005236277666722522,-0.005079780976374404,-0.10447265678395601
2023-06-30,603288.0,3.9475,-0.711246326,-0.702959143,1.4142054686401293,26051413.5486,17.075582587593583,2.3722575554565433,-0.06554155684425567,-0.07304636867753167,-3.185991352706133
2023-06-30,603345.0,1.5782,-0.712526683,-0.701672996,1.4141996791443965,4305559.3258,15.275417612096705,-0.7964152537396474,-0.012400492212002123,-0.012386700116006955,-0.5698618065919476
2023-06-30,603369.0,0.3864,-0.710529619,-0.703678412,1.4142080305435174,6623760.0,15.706173742506785,-1.7969357084027848,-0.023425768560144,-0.02859942974824925,-1.1958607096031377
2023-06-30,603589.0,0.1718,-0.71055337,-0.703654583,1.414207953443144,2961000.0,14.901037607083728,-2.3690606814574613,0.0008908346260756428,-0.002020385894505705,-0.025776309709792722
2023-06-30,603605.0,1.5289,-0.712321151,-0.701879562,1.4142007133865615,4461476.1714,15.310990249368935,-0.8299190354075077,-0.01327036914280244,-0.013766532330399373,-0.6215576082595167
2023-06-30,605499.0,8.2122,-0.710103064,-0.70410626,1.4142093242438385,6916172.9,15.749373125472824,6.048047206822844,-0.024305189327170074,-0.030452091324166486,-1.2586400131215818
2023-06-30,688363.0,0.6898,-0.714075409,-0.700115186,1.4141905944351434,4294643.2057,15.272879037935851,-1.6859425210656624,-0.013872473682121078,-0.01074516218566357,-0.5661816441184842
2023-06-30,568.0,0.2431,-0.711338661,-0.702866442,1.4142051031717022,30848447.6749,17.244596988569914,-1.2570907029852867,-0.07074342574956716,-0.07852814574880218,-3.431616176287947
2023-09-30,596.0,0.5349,-0.711444162,-0.702760514,1.4142046756940407,,,,,,
2023-09-30,729.0,1.7729,-0.714324458,-0.699864462,1.4141889204914329,,,,,,
2023-09-30,858.0,0.9553,-0.710906206,-0.70330054,1.414206745,,,,,,
2023-09-30,876.0,6.3081,-0.716103195,-0.698072051,1.4141752458393535,,,,,,
2023-09-30,895.0,5.4708,-0.72096272,-0.69315974,1.4141224598472144,,,,,,
2023-09-30,998.0,0.6387,-0.708230129,-0.705982838,1.414212967187127,,,,,,
2023-09-30,2299.0,3.7399,-0.717630169,-0.696530927,1.4141610966670128,,,,,,
2023-09-30,2304.0,0.4288,-0.712214716,-0.701986518,1.4142012332017029,,,,,,
2023-09-30,2311.0,6.6095,-0.725096836,-0.688962844,1.4140596798558327,,,,,,
2023-09-30,2385.0,4.7654,-0.714539205,-0.699648225,1.4141874296724577,,,,,,
2023-09-30,2507.0,1.9214,-0.710041363,-0.704168134,1.4142094971130428,,,,,,
2023-09-30,2557.0,4.1311,-0.711707308,-0.702496256,1.414203563437208,,,,,,
2023-09-30,2568.0,1.2753,-0.711212809,-0.70299279,1.4142055993029004,,,,,,
2023-09-30,2714.0,2.0076,-0.712906183,-0.701291481,1.4141976640109089,,,,,,
2023-09-30,300146.0,2.9222,-0.716434421,-0.697737945,1.4141723659412075,,,,,,
2023-09-30,300498.0,3.1458,-0.714696972,-0.699489334,1.4141863064128894,,,,,,
2023-09-30,300765.0,4.1227,-0.712750825,-0.70144768,1.4141985055046664,,,,,,
2023-09-30,300957.0,0.986,-0.712143095,-0.702058482,1.414201576930224,,,,,,
2023-09-30,300999.0,3.9885,-0.712961942,-0.701235415,1.414197356402712,,,,,,
2023-09-30,301498.0,2.8258,-0.725820511,-0.688226481,1.4140469922501329,,,,,,
2023-09-30,600132.0,3.5002,-0.715146294,-0.699036684,1.414182977372788,,,,,,
2023-09-30,600298.0,2.3004,-0.715560574,-0.698619163,1.414179737350296,,,,,,
2023-09-30,600299.0,3.6235,-0.719214335,-0.694929724,1.4141440588664589,,,,,,
2023-09-30,600519.0,0.2146,-0.711291412,-0.702913879,1.4142052911952678,,,,,,
2023-09-30,600598.0,14.876060000000004,-0.714980982,-0.699203242,1.4141842245519631,,,,,,
2023-09-30,600600.0,5.9144,-0.713082536,-0.701114145,1.4141966809944535,,,,,,
2023-09-30,600737.0,2.3588,-0.71432032,-0.699868629,1.414188948790731,,,,,,
2023-09-30,600809.0,0.6459999999999999,-0.713012091,-0.701184987,1.414197077215082,,,,,,
2023-09-30,600872.0,1.6362,-0.71132753,-0.702877617,1.4142051476561606,,,,,,
2023-09-30,600873.0,5.2834,-0.720254317,-0.693877248,1.4141315651013788,,,,,,
2023-09-30,600887.0,4.7715,-0.71302478,-0.701172226,1.414197006190166,,,,,,
2023-09-30,601118.0,7.3935,-0.715145053,-0.699037934,1.4141829868280629,,,,,,
2023-09-30,603156.0,3.6932,-0.710967282,-0.703239242,1.4142065239811137,,,,,,
2023-09-30,603288.0,5.3517,-0.712985687,-0.701211537,1.4141972245059655,,,,,,
2023-09-30,603345.0,2.4706,-0.714950541,-0.69923391,1.4141844513744404,,,,,,
2023-09-30,603369.0,0.4961,-0.711634978,-0.702568898,1.4142038757061728,,,,,,
2023-09-30,603589.0,0.2446,-0.712513639,-0.701686107,1.4141997459759612,,,,,,
2023-09-30,603605.0,1.7223,-0.714563937,-0.699623318,1.4141872551539914,,,,,,
2023-09-30,605499.0,14.876060000000004,-0.711762167,-0.702441156,1.414203323284162,,,,,,
2023-09-30,688363.0,0.9637,-0.716861204,-0.697307296,1.414168500648808,,,,,,
2023-09-30,568.0,0.3296,-0.713057442,-0.701139381,1.414196823,,,,,,
2023-09-30,596.0,0.6245,-0.712601456,-0.701597836,1.4141992929270757,,,,,,
2023-12-31,729.0,2.2149,-0.716837956,-0.69733076,1.4141687156866325,,,,,,
2023-12-31,858.0,1.2082,-0.711918272,-0.702284353,1.4142026242849612,,,,,,
2023-12-31,876.0,8.8288,-0.717815258,-0.696343973,1.414159230063098,,,,,,
2023-12-31,895.0,6.9057,-0.730298488,-0.683658693,1.413957181045941,,,,,,
2023-12-31,998.0,1.7229,-0.711078405,-0.703127707,1.414206112559496,,,,,,
2023-12-31,2299.0,4.9462,-0.721205225,-0.692914007,1.4141192320076836,,,,,,
2023-12-31,2304.0,0.4471,-0.712173445,-0.702027987,1.4142014318654608,,,,,,
2023-12-31,2311.0,9.4216,-0.727033912,-0.686990668,1.4140245800142046,,,,,,
2023-12-31,2385.0,6.8705,-0.717020809,-0.697146201,1.414167010407647,,,,,,
2023-12-31,2507.0,2.5003,-0.710763149,-0.7034441,1.4142072492529425,,,,,,
2023-12-31,2557.0,3.8227,-0.71401276,-0.700178246,1.4141910062222225,,,,,,
2023-12-31,2568.0,1.6527,-0.712949764,-0.70124766,1.4141974238378718,,,,,,
2023-12-31,2714.0,2.6793,-0.714209366,-0.699980336,1.4141897014077025,,,,,,
2023-12-31,300146.0,3.1002,-0.717570723,-0.696590967,1.414161689227766,,,,,,
2023-12-31,300498.0,4.3781,-0.717597131,-0.696564295,1.4141614264090594,,,,,,
2023-12-31,300765.0,5.922999999999999,-0.714329709,-0.699859176,1.4141888845648505,,,,,,
2023-12-31,300957.0,1.8302,-0.713914388,-0.700277257,1.4141916452698842,,,,,,
2023-12-31,300999.0,4.7562,-0.715019935,-0.699163998,1.4141839330250074,,,,,,
2023-12-31,301498.0,3.9238,-0.732730091,-0.681170138,1.4139002288264335,,,,,,
2023-12-31,600132.0,3.5314,-0.715223866,-0.698958517,1.41418238315018,,,,,,
2023-12-31,600298.0,3.0171,-0.718142968,-0.696012877,1.4141558446767115,,,,,,
2023-12-31,600299.0,4.8293,-0.723901691,-0.690177833,1.414079524097704,,,,,,
2023-12-31,600519.0,0.2784,-0.712660863,-0.701538119,1.4141989822943666,,,,,,
2023-12-31,600598.0,14.876060000000004,-0.719810111,-0.694326918,1.4141370285868913,,,,,,
2023-12-31,600600.0,5.4126,-0.713585912,-0.700607801,1.414193712408251,,,,,,
2023-12-31,600737.0,3.3146,-0.720279154,-0.6938521,1.4141312540267914,,,,,,
2023-12-31,600809.0,0.743,-0.713921983,-0.700269613,1.4141915962581015,,,,,,
2023-12-31,600872.0,2.1037,-0.719889259,-0.69424681,1.4141360689867302,,,,,,
2023-12-31,600873.0,6.3787,-0.72605627,-0.687986479,1.414042749355661,,,,,,
2023-12-31,600887.0,6.2007,-0.714798784,-0.699386785,1.4141855689530376,,,,,,
2023-12-31,601118.0,11.7729,-0.719297576,-0.694845521,1.4141430970699869,,,,,,
2023-12-31,603156.0,4.3613,-0.711234461,-0.702971054,1.4142055150168802,,,,,,
2023-12-31,603288.0,6.3981,-0.714263172,-0.699926166,1.4141893378962689,,,,,,
2023-12-31,603345.0,3.2178,-0.717589847,-0.696571652,1.4141614989705822,,,,,,
2023-12-31,603369.0,0.4912,-0.712237257,-0.701963867,1.414201124008413,,,,,,
2023-12-31,603589.0,0.3188,-0.714226426,-0.69996316,1.4141895864461655,,,,,,
2023-12-31,603605.0,3.6521,-0.720131075,-0.694002024,1.4141330998990589,,,,,,
2023-12-31,605499.0,13.3185,-0.7134854,-0.700708924,1.4141943244196715,,,,,,
2023-12-31,688363.0,1.412,-0.721021048,-0.693100641,1.4141216886453205,,,,,,
2023-12-31,568.0,0.0911,-0.708546306,-0.705666279,1.414212585,,,,,,
2023-12-31,596.0,0.2158,-0.709111201,-0.705100465,1.4142116666181117,,,,,,
2023-12-31,729.0,0.5666,-0.709136461,-0.705075157,1.4142116185126377,,,,,,
2024-03-31,858.0,0.4463,-0.709019065,-0.705192772,1.4142118369707684,,,,,,
2024-03-31,876.0,1.9814,-0.709461871,-0.704749074,1.4142109448436635,,,,,,
2024-03-31,895.0,1.4936,-0.711771073,-0.702432211,1.414203284028687,,,,,,
2024-03-31,998.0,0.2914,-0.707784624,-0.706428722,1.4142133457075017,,,,,,
2024-03-31,2299.0,1.1943,-0.709837827,-0.704372215,1.4142100418126822,,,,,,
2024-03-31,2304.0,0.2155,-0.709729579,-0.704480736,1.4142103155286003,,,,,,
2024-03-31,2311.0,2.0272,-0.712621259,-0.70157793,1.414199189751513,,,,,,
2024-03-31,2385.0,1.4654,-0.709275987,-0.704935355,1.4142113419282027,,,,,,
2024-03-31,2507.0,0.5827,-0.709758518,-0.704451726,1.4142102434406794,,,,,,
2024-03-31,2557.0,0.9386,-0.708741926,-0.705470375,1.4142123010068777,,,,,,
2024-03-31,2568.0,0.3091,-0.708776427,-0.70543582,1.4142122471941485,,,,,,
2024-03-31,2714.0,0.6628,-0.708692782,-0.705519593,1.4142123757142844,,,,,,
2024-03-31,300146.0,0.9203,-0.71009852,-0.704110817,1.4142093370986053,,,,,,
2024-03-31,300498.0,1.0512,-0.70960535,-0.704605266,1.414210615993929,,,,,,
2024-03-31,300765.0,1.15,-0.708162478,-0.706050559,1.4142130367333223,,,,,,
2024-03-31,300957.0,0.353,-0.708937537,-0.705274444,1.4142119810154468,,,,,,
2024-03-31,300999.0,1.2707,-0.708896972,-0.705315078,1.4142120503461089,,,,,,
2024-03-31,301498.0,0.958,-0.711990319,-0.702211975,1.4142022938719998,,,,,,
2024-03-31,600132.0,1.1495,-0.709939104,-0.704270672,1.4142097756787138,,,,,,
2024-03-31,600298.0,0.6342,-0.709374015,-0.704837122,1.4142111365947116,,,,,,
2024-03-31,600299.0,1.2113,-0.711851649,-0.702351276,1.414202925433654,,,,,,
2024-03-31,600519.0,0.083478,-0.708979514,-0.705232394,1.414211907634784,,,,,,
2024-03-31,600598.0,0.4476,-0.708130624,-0.706082444,1.4142130679829923,,,,,,
2024-03-31,600600.0,1.9995,-0.70923487,-0.704976555,1.4142114253481242,,,,,,
2024-03-31,600737.0,0.7072,-0.70963756,-0.704572979,1.4142105394902635,,,,,,
2024-03-31,600809.0,0.3071,-0.71032145,-0.703887234,1.4142086834299197,,,,,,
2024-03-31,600872.0,0.5914,-0.710513763,-0.703694318,1.4142080817155178,,,,,,
2024-03-31,600873.0,1.7176,-0.711689525,-0.702514116,1.4142036406723195,,,,,,
2024-03-31,600887.0,1.6994,-0.708979534,-0.705232374,1.4142119075994617,,,,,,
2024-03-31,601118.0,1.7041,-0.709413427,-0.704797625,1.4142110514785844,,,,,,
2024-03-31,603156.0,1.7589,-0.709429872,-0.704781144,1.4142110155282213,,,,,,
2024-03-31,603288.0,2.0888,-0.70932715,-0.704884086,1.4142112358931551,,,,,,
2024-03-31,603345.0,0.8348,-0.710045513,-0.704163972,1.4142094855986949,,,,,,
2024-03-31,603369.0,0.2568,-0.709595685,-0.704614954,1.4142106387569602,,,,,,
2024-03-31,603589.0,0.083478,-0.709051697,-0.70516008,1.4142117775541858,,,,,,
2024-03-31,603605.0,0.7001,-0.709537739,-0.704673034,1.4142107733813645,,,,,,
2024-03-31,605499.0,3.9206,-0.708907945,-0.705304087,1.4142120317457356,,,,,,
2024-03-31,688363.0,0.2878,-0.711182189,-0.703023529,1.4142057177390943,,,,,,
2024-03-31,568.0,0.1612,-0.709454691,-0.70475627,1.4142109607880742,,,,,,
2024-03-31,596.0,0.3541,-0.710759766,-0.703447495,1.414207260939612,,,,,,
2024-03-31,729.0,1.1856,-0.71142092,-0.702783851,1.414204770774505,,,,,,
2024-03-31,858.0,0.6699,-0.709633139,-0.704577411,1.4142105500491498,,,,,,
2024-06-30,876.0,4.0926,-0.712191522,-0.702009824,1.4142013450501436,,,,,,
2024-06-30,895.0,2.9348,-0.717603676,-0.696557685,1.4141613611667003,,,,,,
2024-06-30,998.0,0.4052,-0.707941822,-0.706271411,1.414213233536218,,,,,,
2024-06-30,2299.0,2.4938,-0.713383792,-0.700811141,1.414194933341156,,,,,,
2024-06-30,2304.0,0.3051,-0.711134836,-0.703071063,1.4142058991501942,,,,,,
2024-06-30,2311.0,4.2989,-0.718244973,-0.695909796,1.414154769921016,,,,,,
2024-06-30,2385.0,2.824,-0.71141707,-0.702787717,1.4142047864745746,,,,,,
2024-06-30,2507.0,1.1176,-0.708972014,-0.705239907,1.4142119208689703,,,,,,
2024-06-30,2557.0,1.6559,-0.709798219,-0.704411924,1.4142101432507774,,,,,,
2024-06-30,2568.0,0.5741,-0.710321149,-0.703887535,1.4142086843422617,,,,,,
2024-06-30,2714.0,1.2818,-0.710772809,-0.703434407,1.4142072158227168,,,,,,
2024-06-30,300146.0,1.735,-0.71243294,-0.701767216,1.414200155839742,,,,,,
2024-06-30,300498.0,2.1215,-0.713344464,-0.700850703,1.4141951663908787,,,,,,
2024-06-30,300765.0,2.0829,-0.708974632,-0.705237285,1.4142119162554965,,,,,,
2024-06-30,300957.0,0.9244,-0.711262195,-0.702943211,1.414205406402799,,,,,,
2024-06-30,300999.0,2.2797,-0.710810535,-0.703396549,1.4142070844131798,,,,,,
2024-06-30,301498.0,2.0587,-0.717366613,-0.696797085,1.4141636980302192,,,,,,
2024-06-30,600132.0,2.3516,-0.712267913,-0.701933062,1.4142009747400617,,,,,,
2024-06-30,600298.0,1.3381,-0.711798592,-0.70240457,1.4142031622487514,,,,,,
2024-06-30,600299.0,2.5168,-0.717067654,-0.697098914,1.4141665683878957,,,,,,
2024-06-30,600519.0,0.1433,-0.710313444,-0.703895264,1.414208707719682,,,,,,
2024-06-30,600598.0,9.2887,-0.711883193,-0.702319591,1.414202783374886,,,,,,
2024-06-30,600600.0,4.0745,-0.71097043,-0.703236083,1.4142065124854784,,,,,,
2024-06-30,600737.0,1.6702,-0.713121203,-0.701075259,1.4141964615102476,,,,,,
2024-06-30,600809.0,0.4576,-0.711267133,-0.702938254,1.4142053869915936,,,,,,
2024-06-30,600872.0,1.0387,-0.712469904,-0.701730065,1.4141999688698632,,,,,,
2024-06-30,600873.0,3.7509,-0.71633027,-0.697843013,1.4141732827954143,,,,,,
2024-06-30,600887.0,3.2807,-0.710595023,-0.703612794,1.4142078169399357,,,,,,
2024-06-30,601118.0,3.7232,-0.711941703,-0.702260814,1.4142025173671953,,,,,,
2024-06-30,603156.0,1.8845,-0.710086751,-0.704122619,1.41420937,,,,,,
2024-06-30,603288.0,3.977,-0.711129764,-0.703076155,1.4142059184549285,,,,,,
2024-06-30,603345.0,1.6995,-0.71329028,-0.700905205,1.414195485060988,,,,,,
2024-06-30,603369.0,0.3989999999999999,-0.711295545,-0.70290973,1.4142052748351652,,,,,,
2024-06-30,603589.0,0.1449,-0.710349297,-0.703859302,1.4142085984706272,,,,,,
2024-06-30,603605.0,1.8931,-0.713199262,-0.700996752,1.414196014085931,,,,,,
2024-06-30,605499.0,8.5068,-0.710296751,-0.703912007,1.4142087581689904,,,,,,
2024-06-30,688363.0,0.6152,-0.715130238,-0.699052862,1.4141830996476985,,,,,,
2024-06-30,568.0,0.235,-0.711048651,-0.703157573,1.4142062238695077,,,,,,
2024-06-30,596.0,0.4987,-0.71211763,-0.702084068,1.4142016979722791,,,,,,
2024-06-30,729.0,1.8298,-0.714178677,-0.700011231,1.4141899075052562,,,,,,
2024-06-30,858.0,0.8922,-0.710938301,-0.703268328,1.414206629351663,,,,,,
2024-06-30,876.0,6.5002,-0.715713353,-0.698465148,1.4141785011568226,,,,,,
2024-09-30,895.0,4.9578,-0.721958386,-0.69215046,1.4141088463027625,9385767.226,16.05470497490112,1.5659973890771193,-0.007042798539064532,0.007109754097106458,-6.695523064292885e-05
2024-09-30,998.0,0.4468,-0.707911836,-0.70630142,1.4142132567333516,1502663.11,14.22274949856761,-3.273459069223477,0.007622020325641854,-0.007664010287368961,4.199073405697362e-05
2024-09-30,2299.0,3.9699,-0.717495625,-0.696666808,1.414162432962358,1724596.2092,14.360503499423029,0.2743392336677397,-0.002008259438363025,0.0020174335253143605,-9.17408669320885e-06
2024-09-30,2304.0,0.3846,-0.711849579,-0.702353356,1.4142029347257374,14942428.689,16.519715287308443,-2.92382960199351,0.002909071569377142,-0.0029350537478400884,2.5981925196427724e-05
2024-09-30,2311.0,7.3802,-0.725079269,-0.688980712,1.414059982,7989327.3559,15.893617128453958,3.9595154952741107,-0.010109315807349195,0.010224737547231189,-0.00011542071398440434
2024-09-30,2385.0,4.1515,-0.713925277,-0.700266298,1.414191574984316,2066739.0634,14.54148259141107,0.48838748492099704,0.0015010097094571018,-0.0015205295579866496,1.951986932868799e-05
2024-09-30,2507.0,1.7236,-0.709918046,-0.704291786,1.4142098318146088,1804729.3598,14.405921199338142,-1.9638176989646332,0.005553991487277754,-0.005592103956067462,3.8112320942973454e-05
2024-09-30,2557.0,2.9434,-0.71149627,-0.702708191,1.4142044606612552,1699978.8695,14.346126379243312,-0.7547384807122204,0.0039959477132782695,-0.004028837220921733,3.288920691102426e-05
2024-09-30,2568.0,0.8243,-0.711631548,-0.702572343,1.4142038903927243,2418795.4413,14.69878022268453,-2.810610179632207,0.0037416521420351456,-0.0037730985561459374,3.1445842086696985e-05
2024-09-30,2714.0,1.9556,-0.71389511,-0.70029666,1.4141917694295516,25310049.6319,17.046712093479478,-1.2583428599701185,0.0006856837812266869,-0.0006991962312377087,1.35118964330605e-05
2024-09-30,300146.0,2.2239,-0.713564591,-0.700629252,1.414193843030254,2534259.6922,14.745412117721894,-1.4026494158005045,0.0017928712874986097,-0.0018141542512698505,2.1283028911911472e-05
2024-09-30,300498.0,3.182,-0.717916199,-0.696241999,1.4141581982504456,13398973.0576,16.4106886244918,-0.14597729951766558,-0.003120752890603873,0.003139237786047855,-1.8484623148573576e-05
2024-09-30,300765.0,3.0944,-0.709952885,-0.704256853,1.4142097387136687,4340192.197,15.283429190119076,-0.43568681919935104,0.0052230012563991846,-0.005258847207957329,3.584669590162015e-05
2024-09-30,300957.0,1.1653,-0.712923408,-0.701274161,1.4141975693011102,2644111.2,14.787845536557976,-2.4536414085947946,0.00241973338176249,-0.0024446372896999025,2.4904243602019704e-05
2024-09-30,300999.0,3.8065,-0.71294869,-0.70124874,1.414197429779404,19241228.3613,16.772565845306296,0.5434046868755198,0.0017246257293914713,-0.0017444769053563958,1.9850974385615672e-05
2024-09-30,301498.0,3.0347,-0.722935461,-0.691159098,1.4140945586923417,2455473.141,14.71383002609984,-0.5975118579798671,-0.007567340034283165,0.007645262880183301,-7.792311842447219e-05
2024-09-30,600132.0,3.5513,-0.71533768,-0.698843821,1.414181500920542,3394090.0116,15.037546245226054,-0.02287186508579353,-7.881041177126846e-05,7.059270799614215e-05,8.217656916720273e-06
2024-09-30,600298.0,2.1393,-0.714183878,-0.700005995,1.4141898726386506,3163695.3351,14.967251312177774,-1.4474752416655159,0.0010987155100226076,-0.0011154792486270937,1.6763410404907475e-05
2024-09-30,600299.0,3.8459,-0.722200153,-0.691905244,1.4141053966524273,3027866.5372,14.923368816346162,0.2512569420319344,-0.006902749533497121,0.006970353151462327,-6.760393204441328e-05
2024-09-30,600519.0,0.2161,-0.712068782,-0.702133146,1.4142019284308276,219583375.44,19.207242560908835,-2.6104752658609764,0.0017828517462160631,-0.0018011731968800015,1.83218814480135e-05
2024-09-30,600598.0,14.2438,-0.715183524,-0.698999169,1.4141826928954553,2641632.3448,14.786907596470373,10.624690425484554,0.00015993392829471986,-0.00016996415836600942,1.0030160088270179e-05
2024-09-30,600600.0,6.06,-0.713363896,-0.700831155,1.414195051422977,10688481.834,16.184677255516362,2.691500485423966,0.0015078269590861337,-0.0015267546181976233,1.8928105707471943e-05
2024-09-30,600737.0,2.6018,-0.71624418,-0.697929853,1.4141740328336805,2196597.1302,14.602419961861887,-1.0503868822593208,-0.0008384591172420075,0.0008366321362700546,1.826850658526169e-06
2024-09-30,600809.0,0.6502,-0.713678468,-0.700514672,1.4141931403287709,26703796.8554,17.1003163175825,-2.554132007617927,0.00088423482693889,-0.0008989845646534267,1.4750082936387798e-05
2024-09-30,600872.0,1.5688,-0.715039851,-0.699143932,1.4141837834081776,1827257.7939,14.418326927705001,-2.1163934409765663,0.00042799966303863624,-0.0004400324179671955,1.2033200553540624e-05
2024-09-30,600873.0,6.3221,-0.720440799,-0.693688416,1.414129214980146,3109539.7375,14.949985278830178,2.7322290825740656,-0.005152378355544496,0.005196229870030211,-4.385150105457036e-05
2024-09-30,600887.0,5.0938,-0.71254639,-0.701653188,1.414199578,18505852.4206,16.733597587080833,1.8237179580776695,0.002140077173891086,-0.002162172826712383,2.2095672143285228e-05
2024-09-30,601118.0,6.2646,-0.714920774,-0.699263899,1.4141846723195466,2533421.2558,14.745081222223044,2.637991257013314,0.0004367999618198892,-0.00044891374481570434,1.2113137431546406e-05
2024-09-30,603156.0,3.188,-0.711885797,-0.702316975,1.4142027716045094,2928352.1904,14.889950430436404,-0.41263473452344224,0.003422884877896437,-0.0034527389965217647,2.9853756889686167e-05
2024-09-30,603288.0,5.6926,-0.713057408,-0.701139415,1.4141968228707322,26785412.8204,17.103367999551025,2.488815137039348,0.0015042649111083328,-0.0015226900935279009,1.84250695789423e-05
2024-09-30,603345.0,2.6917,-0.716294736,-0.697878857,1.4141735932309365,2913584.9007,14.884894805590323,-0.9098411717447026,-0.000984347893172699,0.0009836602579296194,6.878999740944636e-07
2024-09-30,603369.0,0.5324,-0.712514121,-0.701685622,1.4141997435085598,6465693.0,15.682020757018787,-2.9262222142656173,0.002527244107423443,-0.0025521082337259804,2.4864662416579364e-05
2024-09-30,603589.0,0.2053,-0.712008877,-0.702193331,1.4142022079669536,2877000.0,14.872258642533685,-3.398506745017476,0.0033057757007479704,-0.003335109620358101,2.933392045711969e-05
2024-09-30,603605.0,2.0998,-0.71586672,-0.698310517,1.414177237800953,4367902.3817,15.289793447645241,-1.429145753538224,-0.0006929816245544451,0.0006896524295012529,3.3300266308877724e-06
2024-09-30,605499.0,14.380999999999998,-0.711702953,-0.702500629,1.4142035823791836,10839470.98,16.198704750201863,11.015015514464109,0.0031640358029749738,-0.0031914597330875427,2.7424332805559004e-05
2024-09-30,688363.0,0.8247,-0.718195901,-0.695959388,1.414155288206227,3395831.6061,15.038059239229888,-2.7493798889456498,-0.0029372045427367155,0.0029552001090221713,-1.7996327462910244e-05
2024-09-30,568.0,0.3109,-0.712209393,-0.701991866,1.4142012589160171,22035338.5499,16.908158020328987,-2.9278846100770664,0.0024181615625961106,-0.0024415060420888146,2.334441346518723e-05
2024-09-30,596.0,0.5646,-0.712946969,-0.701250471,1.4141974392964056,10731637.2,16.188706684514564,-2.8031770668993183,0.0019233940622304102,-0.0019447007453599063,2.130600312244546e-05
2024-09-30,729.0,2.2266,-0.715950667,-0.69822587,1.4141765367856218,3170856.7586,14.969512380188611,-1.3597698484120166,-0.0006688365805492813,0.0006654144398530182,3.421959450244927e-06
2024-09-30,858.0,1.1488,-0.71146835,-0.702736227,1.4142045761993467,63080011.6893,17.959914505368225,-1.9014122268867983,0.002804245997088617,-0.0028283045583139543,2.40577702934619e-05
2024-09-30,876.0,7.9966,-0.719264426,-0.694879055,1.4141434808930795,4732154.0923,15.369891067434414,4.482015174363208,-0.004117719866927327,0.004148344976004803,-3.062518600005504e-05
2024-09-30,895.0,6.4529,-0.729371688,-0.684605682,1.4139773695417364,9385767.226,16.05470497490112,3.061097389077119,-0.014456100539064543,0.014654532097106432,-0.0001984319916690236
2024-12-31,998.0,1.2889,-0.709844658,-0.704365366,1.4142100241656583,1471055.8229,14.201490947809827,-2.6037120137191683,0.00706538032848858,-0.007123216217392869,5.783599520214899e-05
2024-12-31,2299.0,5.2277,-0.722751109,-0.691346216,1.4140973248804674,1800443.6272,14.403543652055781,1.3858274959995658,-0.006032256448989193,0.006088951288303224,-5.669500983085385e-05
2024-12-31,2304.0,0.4007,-0.711693071,-0.702510554,1.4142036252925274,12583335.7031,16.347883933317007,-2.9529094393423603,0.0031860130126893926,-0.003217991569602119,3.197887905925789e-05
2024-12-31,2311.0,9.5768,-0.730309363,-0.683647576,1.413956939195976,8160693.6029,15.914839723683356,6.114444424517825,-0.015020525036181565,0.015231306675347889,-0.0002107814315233103
2024-12-31,2385.0,5.6934,-0.717598982,-0.696562426,1.4141614079581803,1861934.0186,14.437126300423296,1.8599607764131267,-0.0009119059340498836,0.0009048222200915834,7.083622546533164e-06
2024-12-31,2507.0,2.214,-0.710370475,-0.703838058,1.414208533365311,1630487.5866,14.30438966093506,-1.6527720712440228,0.006442198779255115,-0.0064976108299815705,5.541236094264157e-05
2024-12-31,2557.0,3.2053,-0.712725255,-0.701473386,1.414198641804782,1472842.126,14.202704511153554,-0.6870072634843067,0.004183635033778832,-0.004230076921007853,4.644263270114912e-05
2024-12-31,2568.0,1.0146,-0.712872443,-0.701325406,1.4141978487147588,2939282.443,14.893676042518862,-2.704190374106762,0.003382637771823349,-0.003422023590196166,3.938550246607164e-05
2024-12-31,2714.0,2.6619,-0.716863117,-0.697305366,1.414168482933318,20998866.1345,16.859979000634752,-0.563112038272906,-0.002468586232727943,0.0024763921228870833,-7.805905992919193e-06
2024-12-31,300146.0,2.8512,-0.7141162,-0.700074124,1.4141903243100606,2049518.7444,14.533115564725156,-0.9581343830844182,0.002480049357178493,-0.002515178871231649,3.512977850084198e-05
2024-12-31,300498.0,4.3645,-0.722677356,-0.691421066,1.414098422356102,10985620.1633,16.212097717673842,0.976791902913817,-0.007669788712091008,0.00774178217218402,-7.199308000105376e-05
2024-12-31,300765.0,3.6937,-0.710445813,-0.703762486,1.4142082983233213,3734812.6381,15.13320821146216,0.035060985210129125,0.005582618274004081,-0.005630282590467606,4.7663619049176376e-05
2024-12-31,300957.0,1.9867,-0.715105809,-0.699077476,1.4141832852131209,1808348.4,14.407924500485214,-1.8540723845920297,0.0016088983161517412,-0.0016381237618351419,2.9225608001670622e-05
2024-12-31,300999.0,4.4317,-0.714811451,-0.699374026,1.4141854765094926,17679809.9989,16.687933868447473,1.1634839586465349,-0.00025412814102465653,0.00024338033949544702,1.0747354737716819e-05
2024-12-31,301498.0,4.2126,-0.72821738,-0.685783965,1.4140013443295398,3133148.524,14.957548975130505,0.5098494076774376,-0.012022736906191045,0.012180434134030249,-0.00015769792631736834
2024-12-31,600132.0,3.5143,-0.714599916,-0.699587084,1.4141870002308907,3049986.4898,14.930647719000014,-0.19520604037248201,0.0016201815295100452,-0.0016483831775947477,2.8201849842535154e-05
2024-12-31,600298.0,2.8698,-0.716779203,-0.697390054,1.414169256833915,3131464.0678,14.957011206444601,-0.8330856368871316,-0.0005840510601218263,0.000573831412767456,1.0219453229431963e-05
2024-12-31,600299.0,4.9846,-0.727376498,-0.686641495,1.4140179936999435,3365786.0976,15.029172103763543,1.299835420014785,-0.01124962595426593,0.011391324488464472,-0.00014169785930384649
2024-12-31,600519.0,0.2737,-0.713779674,-0.700412831,1.4141925054606812,191444544.72,19.070108740939943,-2.396303879107797,-0.0014764063727293886,0.0014802264065593151,-3.819430678619895e-06
2024-12-31,600598.0,14.876060000000004,-0.719945547,-0.694189836,1.4141353828865066,2622077.8658,14.77947763996628,11.12859210347252,-0.0035824097165837454,0.0036044546216120743,-2.2045053921448954e-05
2024-12-31,600600.0,5.3989,-0.713617231,-0.700576289,1.414193519742725,11039080.4085,16.21695229901237,2.0124109862115436,0.0013857427987450377,-0.00140880332897797,2.3060297149157805e-05
2024-12-31,600737.0,3.1237,-0.720261943,-0.693869527,1.4141314696505207,2183764.0408,14.59656057008346,-0.6697020624654169,-0.003725726408637664,0.0037500260613809733,-2.43000452053721e-05
2024-12-31,600809.0,0.6899,-0.714333997,-0.699854859,1.414188855205848,22472960.9335,16.92782340822168,-2.5180749390122683,-3.6617893299784043e-06,-8.290270510302733e-06,1.1951319349057243e-05
2024-12-31,600872.0,2.1108,-0.717299983,-0.696864362,1.4141643451661745,1724655.6631,14.360537972927549,-1.741872097513577,-0.0005404377285884721,0.0005297226957832191,1.0715146212758597e-05
2024-12-31,600873.0,7.0992,-0.724531457,-0.689537782,1.4140692395508911,2861347.1163,14.8668030915864,3.373661285849498,-0.008250948575345585,0.008339929137652136,-8.898004319513042e-05
2024-12-31,600887.0,6.5615,-0.713685446,-0.700507651,1.4141930968742589,19212288.3277,16.77106064934214,3.3141587701113586,0.000793220855365484,-0.0008108350630695593,1.761412912504312e-05
2024-12-31,601118.0,9.8508,-0.719375092,-0.694767104,1.4141421954575175,2315170.4382,14.654993866204927,6.072071716871106,-0.0028941660081437393,0.002908269393551599,-1.4103968450696058e-05
2024-12-31,603156.0,3.8954,-0.713058828,-0.701137986,1.4141968148651305,2890387.3824,14.876901093458683,0.17239709781029644,0.0032121255199273335,-0.003250628413213774,3.85037270558275e-05
2024-12-31,603288.0,6.5895,-0.714251039,-0.699938381,1.4141894201054217,25523156.497,17.055096695978754,3.4134859508218245,-4.1131984353737217e-05,2.976973274115835e-05,1.1362415971216677e-05
2024-12-31,603345.0,3.3869,-0.719029319,-0.695116854,1.414146172783038,2389761.4023,14.68670408725054,-0.3838652069853121,-0.0025783977699568306,0.002588811627422638,-1.0414113673640202e-05
2024-12-31,603369.0,0.5519,-0.712837685,-0.701360353,1.4141980378578956,5674103.5,15.55142313528432,-3.0017168114445316,0.002795024050625816,-0.0028286359994850185,3.361180335637037e-05
2024-12-31,603589.0,0.2799,-0.713412523,-0.700782239,1.4141947621580078,2354400.0,14.6717964759014,-3.494608808902226,0.0030525040707779505,-0.00309081435969627,3.8310407062258633e-05
2024-12-31,603605.0,4.2284,-0.722382441,-0.691720318,1.4141027584298351,3356216.6215,15.02632489201295,0.5429204277120108,-0.0062528748730645844,0.006309781595591368,-5.690731785823466e-05
2024-12-31,605499.0,10.682,-0.712284411,-0.701916483,1.4142008940352118,12923363.076,16.374547322446563,7.335086275505518,0.0025694436508754137,-0.0025984494882702602,2.9005903331214e-05
2024-12-31,688363.0,1.1691,-0.722038641,-0.692069066,1.4141077074200876,2458485.7472,14.715056168461215,-2.5945454274926094,-0.005614547001542847,0.005663683887526916,-4.9136503966984435e-05
2024-12-31,568.0,0.0946,-0.708593017,-0.705619503,1.4142125203579807,18428832.8176,16.729426997070817,-3.163196279782335,0.005925044340128416,-0.005962458981710328,3.74150449988786e-05
2024-12-31,596.0,0.2005,-0.709251857,-0.704959534,1.4142113910782987,9160638.0,16.030426384879842,-3.2328294333128724,0.005927610857788923,-0.005970233356631605,4.2622593600105674e-05
2024-12-31,729.0,0.5621,-0.709375306,-0.704835828,1.4142111338300216,3393521.3666,15.03737869143735,-3.120603740282095,0.0067438008299667285,-0.006795168898158344,5.136787350479288e-05
2024-12-31,858.0,0.4663,-0.708932568,-0.705279422,1.4142119895929937,54358038.502,17.81110306311569,-2.519865600695765,0.004561992662729608,-0.00458907126592889,2.7078286470416657e-05
2024-12-31,876.0,2.093,-0.710667875,-0.703539699,1.414207574,4064292.9059,15.217750338945464,-1.5444087812471414,0.005280561044873844,-0.0053267339365518085,4.617287444697027e-05
2024-12-31,895.0,1.7967,-0.711221968,-0.702983596,1.414205563703827,8994260.5089,16.012097210636483,-1.6412322586901822,0.003974843240750925,-0.004011804904485161,3.696138326003684e-05
2024-12-31,998.0,0.2096,-0.707509252,-0.706704234,1.4142134859992144,1471055.8229,14.201490947809827,-3.683012013719168,0.009400786328488508,-0.009462084217392919,6.12978287581889e-05
2025-03-31,2299.0,1.2484,-0.710923917,-0.703282764,1.4142066813575769,1867587.2431,14.440157911417337,0.32040342616559503,-0.0011490993956939644,0.0011517608911688626,-2.6611620529415347e-06
2025-03-31,2304.0,0.1409,-0.709021438,-0.705190395,1.4142118326838111,11486643.6893,16.256695500042817,-0.9225183019682157,0.0007058596860093358,-0.0007080864738138182,2.22651919279393e-06
2025-03-31,2311.0,1.9035,-0.713407563,-0.700787229,1.4141947917659154,8310431.1002,15.933022042766437,0.864211349523653,-0.0036717981419702728,0.003686565364715344,-1.4767422034100974e-05
2025-03-31,2385.0,1.3152,-0.709491488,-0.70471939,1.4142108785562406,1707131.1903,14.350324853129237,0.39390042383472923,0.0002856796022455699,-0.0002872281483281558,1.5490746210211626e-06
2025-03-31,2507.0,0.4633,-0.70987114,-0.704338815,1.4142099553433514,1548559.3356,14.25283559577558,-0.4507318136989272,-9.14221166189444e-05,9.078241748639027e-05,6.400109320292557e-07
2025-03-31,2557.0,1.0247,-0.70847948,-0.705733193,1.4142126735284817,1313199.8188,14.087977326626014,0.12295826598077597,0.0013045505117182943,-0.001307932144229751,3.382122931272491e-06
2025-03-31,2568.0,0.2066,-0.708423886,-0.705788858,1.4142127440889831,2744099.8173,14.824963643733357,-0.7500835977596642,0.0013408652356967643,-0.0013442108758641158,3.345720190894852e-06
2025-03-31,2714.0,0.6961,-0.709502976,-0.704707876,1.4142108526214296,21157301.1495,16.867495611900168,-0.4128530639296434,0.00020834339214237385,-0.00020950050674617415,1.1578077299123635e-06
2025-03-31,300146.0,0.988,-0.70919106,-0.705020452,1.4142115124728298,1978083.2363,14.497638871320868,0.05571825696586674,0.0005822539247041236,-0.0005844150844031004,2.161610643813816e-06
2025-03-31,300498.0,1.0682,-0.71062178,-0.703585948,1.4142077283849166,11092092.4999,16.221743025017688,0.00738738293480834,-0.0008935679708096389,0.0008954411087626069,-1.872706839600724e-06
2025-03-31,300765.0,0.6956,-0.70837133,-0.705841479,1.4142128081084615,5248963.8317,15.473541249698219,-0.30943464800966813,0.00137645469724601,-0.0013797711798466672,3.3156077137164175e-06
2025-03-31,300957.0,0.3659,-0.708415427,-0.705797328,1.4142127545687406,1830375.6,14.420031749659184,-0.5605961812066632,0.0013599170968863206,-0.0013633325232367266,3.414970141335516e-06
2025-03-31,300999.0,1.1125,-0.709156216,-0.705055365,1.4142115804717683,17056326.9723,16.65203177627873,0.019609628718667116,0.000560739842457969,-0.0005626572371280059,1.9169296263665814e-06
2025-03-31,301498.0,1.097,-0.713500857,-0.700693374,1.414194230926643,3555595.516,15.084033122239626,0.12100293649884741,-0.0037428829213127512,0.0037580878916819715,-1.520504245533516e-05
2025-03-31,600132.0,1.1312,-0.710541816,-0.703666175,1.4142079910168055,2832683.4219,14.856735025974821,0.17214786579205077,-0.0007778958913318146,0.0007793078635902617,-1.4119631579490033e-06
2025-03-31,600298.0,0.6196,-0.709294737,-0.704916566,1.414211303356082,3000298.6936,14.914222406209499,-0.34373778203930294,0.0004676792611127967,-0.00046957094309618697,1.8920326303462076e-06
2025-03-31,600299.0,1.1746,-0.711840775,-0.702362199,1.4142029741867497,2842815.3494,14.860305439315264,0.21528169373607908,-0.0020769482919590354,0.0020833777825539634,-6.429311409261729e-06
2025-03-31,600519.0,0.083478,-0.708974011,-0.705237906,1.4142119173492973,196092476.58,19.094096925208785,-1.1914667833420804,0.0006790613659588551,-0.0006809602326431907,1.8993756025764696e-06
2025-03-31,600598.0,0.606,-0.708126921,-0.70608615,1.4142130715527814,2460308.9941,14.715797507378326,-0.342545331350283,0.0016406859794549922,-0.0016443744678688033,3.689027924913546e-06
2025-03-31,600600.0,2.0846,-0.70982563,-0.704384443,1.4142100732070202,10403364.7053,16.157639841143034,1.0285662347425233,-9.574105639875707e-05,9.525988814107489e-05,4.814189433766103e-07
2025-03-31,600737.0,0.488,-0.709050051,-0.70516173,1.4142117805757133,2053294.2989,14.534956036384921,-0.4470637140837126,0.0007222867221493567,-0.0007247114643109676,2.4242974634436365e-06
2025-03-31,600809.0,0.2721,-0.709894135,-0.704315761,1.414209895046621,26141393.349,17.07903056806801,-0.8526228611000037,-0.00018834928021149722,0.00018817887529698485,1.6953158521459954e-07
2025-03-31,600872.0,0.4436,-0.708674125,-0.705538279,1.414212403479782,1615004.5311,14.294848320269633,-0.47356383573371463,0.001104493846813881,-0.0011075764467289861,3.0820498042594124e-06
2025-03-31,600873.0,1.6333,-0.71178513,-0.702418092,1.4142032219103255,2949783.5675,14.897242358675364,0.6712280697631949,-0.002022269547433897,0.002028456400363754,-6.186948709796525e-06
2025-03-31,600887.0,2.0241,-0.709202514,-0.705008976,1.414211489869951,17875449.1796,16.69893877515729,0.9277127416245154,0.0005132147735725789,-0.0005150343584964245,1.8195199151804786e-06
2025-03-31,601118.0,1.7751,-0.709131837,-0.70507979,1.414211627,2139713.8985,14.576182685770704,0.8369628652835694,0.0006394222490019308,-0.0006416870060648172,2.2647382793561377e-06
2025-03-31,603156.0,1.7162,-0.709134038,-0.705077585,1.414211623153462,2836884.8011,14.858217107080048,0.7570373775831851,0.0006298433380016455,-0.0006320631505813967,2.219958395333066e-06
2025-03-31,603288.0,2.3361,-0.709388625,-0.70482248,1.414211105212428,22564917.0076,16.931906913310485,1.2223451142952657,0.00032100941749635403,-0.0003224101811584168,1.401050329974396e-06
2025-03-31,603345.0,0.9071,-0.710154847,-0.704054329,1.414209176381255,2340487.9714,14.665870000379853,-0.03772326728649311,-0.0003859339363394554,0.0003861331996757311,-1.9889732327804666e-07
2025-03-31,603369.0,0.2513,-0.70970409,-0.704506289,1.4142103783696376,6593078.5957,15.701530959107348,-0.7707311366252829,3.7730574933614314e-05,-3.8583959018123615e-05,8.527793766699432e-07
2025-03-31,603589.0,0.083478,-0.708938974,-0.705273005,1.4142119785321263,2157600.0,14.584507050807657,-0.8552797108641412,0.0008320674868432798,-0.0008346830354125645,2.6150622407516977e-06
2025-03-31,603605.0,0.9303,-0.710269855,-0.703938984,1.4142088389009373,3276967.7016,15.002429071544494,-0.03961353314260074,-0.0005097461910181789,0.0005103313144799726,-5.852244762127867e-07
2025-03-31,605499.0,2.7983,-0.708645186,-0.70556726,1.4142124458949878,12946763.661,16.376356404529535,1.7259610532969247,0.0010789814031897382,-0.0010818038191648949,2.8223632650981045e-06
2025-03-31,688363.0,0.2426,-0.710554523,-0.703653427,1.414207949688092,2329395.9783,14.661119555153105,-0.7018691245998571,-0.0007854856665360233,0.0007869102402241479,-1.4249010256150996e-06
2025-03-31,,,,,,,,,,,
2025-03-31,,,,,,,,,,,
2025-03-31,,,,,,,,,,,
2025-03-31,,,,,,,,,,,
2025-03-31,,,,,,,,,,,
2025-03-31,,,,,,,,,,,
2025-03-31,,,,,,,,,,,
2025-03-31,,,,,,,,,,,
